Date,Transaction Type,Status,Amount,Token,USD Value,From,To,Transaction Hash,Instruction Index
"Thu, 28 Mar 2024 11:53:25 GMT",pay_tx_fees,Successful,605018,,,9sanPaycTAq3HeiqUYGebsa3UVhawhAWHNwRzPdcfRn8,,2jbiA9RuoqCAGPRRMmjhSqR2jfPscXsW8iCHUu6id18EqWhKENpBmksyvmotf3QmRVyJT1QdowjmcfiCM4axDN7F,-1:-1
"Thu, 28 Mar 2024 11:53:25 GMT",transfer_USDC,Successful,3000,USDC,3000.13929,9sanPaycTAq3HeiqUYGebsa3UVhawhAWHNwRzPdcfRn8,JCNCMFXo5M5qwUPg2Utu1u6YWp3MbygxqBsBeXXJfrw,2jbiA9RuoqCAGPRRMmjhSqR2jfPscXsW8iCHUu6id18EqWhKENpBmksyvmotf3QmRVyJT1QdowjmcfiCM4axDN7F,2:0
"Thu, 28 Mar 2024 11:52:56 GMT",pay_tx_fees,Successful,25000,,,9sanPaycTAq3HeiqUYGebsa3UVhawhAWHNwRzPdcfRn8,,4HXT1JDd9sgj7cZ572dx2rngLtiFa7q6sxntCwdoC2xarGzbuyTjGY7udwkrRb7utLwJJRtNk462GrsD93uW18rg,-1:-1
"Thu, 28 Mar 2024 11:52:56 GMT",transferChecked_USDC,Successful,1000,USDC,1000.06427,9sanPaycTAq3HeiqUYGebsa3UVhawhAWHNwRzPdcfRn8,55hV6gY4r6YvM229u9bCgFNVXTXRev1vQVPscAs78byM,4HXT1JDd9sgj7cZ572dx2rngLtiFa7q6sxntCwdoC2xarGzbuyTjGY7udwkrRb7utLwJJRtNk462GrsD93uW18rg,2:-1
"Thu, 28 Mar 2024 11:33:09 GMT",pay_tx_fees,Successful,6200,,,H3E3wT4BGrzZjzhAUo3w9XzbEFkBARf4sCu9oKyWj2WK,,36CdBF4dX2EHoAe4uZuHD6zz8R58nszhRMFBGK57t7VuGhELfjSns7RRuc5JyLwZzdXwiixs97PkPvH9f1YyRDk1,-1:-1
"Thu, 28 Mar 2024 11:33:09 GMT",MintToCollectionV1,Successful,1,,,H3E3wT4BGrzZjzhAUo3w9XzbEFkBARf4sCu9oKyWj2WK,9sanPaycTAq3HeiqUYGebsa3UVhawhAWHNwRzPdcfRn8,36CdBF4dX2EHoAe4uZuHD6zz8R58nszhRMFBGK57t7VuGhELfjSns7RRuc5JyLwZzdXwiixs97PkPvH9f1YyRDk1,2:-1
"Thu, 28 Mar 2024 11:32:16 GMT",pay_tx_fees,Successful,6200,,,DhfsDSwYNdrWqoWW3U4ujTKqerzgjEPtZ9tnAwetBYw1,,2dFsJPGhRgVDUc2ym2AVAYpUa8ZERwmjzw2rRqai2R6rMjkDY99Di4PUC7tUEiHHVtZvVAzAXaBGEBHKmjkALVYd,-1:-1
"Thu, 28 Mar 2024 11:32:16 GMT",MintToCollectionV1,Successful,1,,,DhfsDSwYNdrWqoWW3U4ujTKqerzgjEPtZ9tnAwetBYw1,9sanPaycTAq3HeiqUYGebsa3UVhawhAWHNwRzPdcfRn8,2dFsJPGhRgVDUc2ym2AVAYpUa8ZERwmjzw2rRqai2R6rMjkDY99Di4PUC7tUEiHHVtZvVAzAXaBGEBHKmjkALVYd,2:-1
"Thu, 28 Mar 2024 11:31:51 GMT",pay_tx_fees,Successful,6200,,,GVqRozv4yxQLaYgxMVESXg143V6zqNuH4xnz5yt4hkm,,3kMKDWG2SYLGEJdfJEQf1ELWpocszKbkKr9HMhq5PAQpDGE1Ctu1v5WKLAagG9bqPsHBVy9aafK9zL9WPfWBopcE,-1:-1
"Thu, 28 Mar 2024 11:31:51 GMT",MintToCollectionV1,Successful,1,,,GVqRozv4yxQLaYgxMVESXg143V6zqNuH4xnz5yt4hkm,9sanPaycTAq3HeiqUYGebsa3UVhawhAWHNwRzPdcfRn8,3kMKDWG2SYLGEJdfJEQf1ELWpocszKbkKr9HMhq5PAQpDGE1Ctu1v5WKLAagG9bqPsHBVy9aafK9zL9WPfWBopcE,2:-1
"Thu, 28 Mar 2024 11:30:57 GMT",pay_tx_fees,Successful,6200,,,tRTtmttmR43qf6SuWriJDhFuX3JZVVDh3i9kt4exinF,,3YK7PCqSoqaX2ihCXjMH7fBvwKcVatnwbhsafr2dTACS2BVHhZ44EmL84Gba7iiZRMjSQi7TF2HSreoMpjnrGQUd,-1:-1
"Thu, 28 Mar 2024 11:30:57 GMT",MintToCollectionV1,Successful,1,,,tRTtmttmR43qf6SuWriJDhFuX3JZVVDh3i9kt4exinF,9sanPaycTAq3HeiqUYGebsa3UVhawhAWHNwRzPdcfRn8,3YK7PCqSoqaX2ihCXjMH7fBvwKcVatnwbhsafr2dTACS2BVHhZ44EmL84Gba7iiZRMjSQi7TF2HSreoMpjnrGQUd,2:-1
"Thu, 28 Mar 2024 11:29:31 GMT",pay_tx_fees,Successful,10000,,,AC5RDfQFmDS1deWZos921JfqscXdByf8BKHs5ACWjtW2,,2Pbe1XScE64Y1G6Ldk8VStvumhsnjhdnpWckDRXy6Ef5dMCf48RcCAWivXaBVXzycTGay3jGFHu2pSfX5NWL1uvZ,-1:-1
"Thu, 28 Mar 2024 11:29:31 GMT",transfer_USDC,Successful,2995.4,USDC,2995.6754869379997,AC5RDfQFmDS1deWZos921JfqscXdByf8BKHs5ACWjtW2,9sanPaycTAq3HeiqUYGebsa3UVhawhAWHNwRzPdcfRn8,2Pbe1XScE64Y1G6Ldk8VStvumhsnjhdnpWckDRXy6Ef5dMCf48RcCAWivXaBVXzycTGay3jGFHu2pSfX5NWL1uvZ,1:-1
"Thu, 28 Mar 2024 11:28:49 GMT",pay_tx_fees,Successful,21000,,,7zaQPy9TcE3F895MUqv84Qof3tcaoZp1VLUjXviDK63Q,,61yYxyaAQq2ounr7i7BiPhTDv44bFMms6ajXdTEinhMwG37yqB3i97oVz4MCmxXnkcb9XWbveye6w86Kfvb3VqwC,-1:-1
"Thu, 28 Mar 2024 11:28:49 GMT",MintV1,Successful,1,,,7zaQPy9TcE3F895MUqv84Qof3tcaoZp1VLUjXviDK63Q,2fRit1AsvkeMqgTJ4V6WkF1tHHg8jviFb2CugwgEjHZ9,61yYxyaAQq2ounr7i7BiPhTDv44bFMms6ajXdTEinhMwG37yqB3i97oVz4MCmxXnkcb9XWbveye6w86Kfvb3VqwC,1:-1
"Thu, 28 Mar 2024 11:28:49 GMT",MintV1,Successful,1,,,7zaQPy9TcE3F895MUqv84Qof3tcaoZp1VLUjXviDK63Q,9sanPaycTAq3HeiqUYGebsa3UVhawhAWHNwRzPdcfRn8,61yYxyaAQq2ounr7i7BiPhTDv44bFMms6ajXdTEinhMwG37yqB3i97oVz4MCmxXnkcb9XWbveye6w86Kfvb3VqwC,2:-1
"Thu, 28 Mar 2024 11:28:49 GMT",MintV1,Successful,1,,,7zaQPy9TcE3F895MUqv84Qof3tcaoZp1VLUjXviDK63Q,XcNp4iP51j1Nn3eBMdWPZWHX1sg2VzMQknHjKBYFprf,61yYxyaAQq2ounr7i7BiPhTDv44bFMms6ajXdTEinhMwG37yqB3i97oVz4MCmxXnkcb9XWbveye6w86Kfvb3VqwC,3:-1
"Thu, 28 Mar 2024 11:28:49 GMT",MintV1,Successful,1,,,7zaQPy9TcE3F895MUqv84Qof3tcaoZp1VLUjXviDK63Q,BTqMb8R7deWz9wo2AqvzqakSKKSMc1uVhQg8LrprjorJ,61yYxyaAQq2ounr7i7BiPhTDv44bFMms6ajXdTEinhMwG37yqB3i97oVz4MCmxXnkcb9XWbveye6w86Kfvb3VqwC,4:-1
"Thu, 28 Mar 2024 11:26:08 GMT",pay_tx_fees,Successful,405000,,,9un5wqE3q4oCjyrDkwsdD48KteCJitQX5978Vh7KKxHo,,5EgjhVXbVBRyqsxeicgVm5tK2yWK6RYTKv9homd6hYbuTvZsMLCPrMc8VvDNgG5mXxNC42KeUwXhZ59qau26bbGZ,-1:-1
"Thu, 28 Mar 2024 11:26:08 GMT",transferChecked_USDC,Successful,967.413805,USDC,967.5105463805,9un5wqE3q4oCjyrDkwsdD48KteCJitQX5978Vh7KKxHo,9sanPaycTAq3HeiqUYGebsa3UVhawhAWHNwRzPdcfRn8,5EgjhVXbVBRyqsxeicgVm5tK2yWK6RYTKv9homd6hYbuTvZsMLCPrMc8VvDNgG5mXxNC42KeUwXhZ59qau26bbGZ,3:-1
"Thu, 28 Mar 2024 11:13:57 GMT",pay_tx_fees,Successful,29000,,,9sanPaycTAq3HeiqUYGebsa3UVhawhAWHNwRzPdcfRn8,,2Z2hU4HufCRBh6aNdEnUhxfeWYb3ft3DYRamMgxmZaTttYtxwWEA6Wz8YuvUk8hijMmmD2Yf5Xr9PQYqhBgUf9VK,-1:-1
"Thu, 28 Mar 2024 11:13:57 GMT",createAccount,Successful,1670400,,,9sanPaycTAq3HeiqUYGebsa3UVhawhAWHNwRzPdcfRn8,9eNMmc2otxdzCuUjhQ9qGKtpkBDcpM2pWKZnuLL459wr,2Z2hU4HufCRBh6aNdEnUhxfeWYb3ft3DYRamMgxmZaTttYtxwWEA6Wz8YuvUk8hijMmmD2Yf5Xr9PQYqhBgUf9VK,1:0
"Thu, 28 Mar 2024 11:13:57 GMT",transfer_USDC,Successful,100,USDC,100.00340000000001,9sanPaycTAq3HeiqUYGebsa3UVhawhAWHNwRzPdcfRn8,82dGS7Jt4Km8ZgwZVRsJ2V6vPXEhVdgDaMP7cqPGG1TW,2Z2hU4HufCRBh6aNdEnUhxfeWYb3ft3DYRamMgxmZaTttYtxwWEA6Wz8YuvUk8hijMmmD2Yf5Xr9PQYqhBgUf9VK,1:2
"Mon, 25 Mar 2024 05:56:12 GMT",pay_tx_fees,Successful,10000,,,dropjakoD4FsXK24Cd6SKDikcQrB4acr9uXeVFgfe4b,,3qYBx2nPHVue3YbsfmEbGVWqd2XyTyx6tfWxNJuLVNfR4wNJ6n9ZHTHDGDahMmVeYCYoxZrunSPyK8UrJAuHGuEk,-1:-1
"Mon, 25 Mar 2024 05:56:12 GMT",transfer_BLZE,Successful,220.44334476,BLZE,0.5266259424184753,dropjakoD4FsXK24Cd6SKDikcQrB4acr9uXeVFgfe4b,9sanPaycTAq3HeiqUYGebsa3UVhawhAWHNwRzPdcfRn8,3qYBx2nPHVue3YbsfmEbGVWqd2XyTyx6tfWxNJuLVNfR4wNJ6n9ZHTHDGDahMmVeYCYoxZrunSPyK8UrJAuHGuEk,1:-1
"Mon, 25 Mar 2024 05:56:12 GMT",transfer_BLZE,Successful,30.72064539,BLZE,0.07338978116044322,dropjakoD4FsXK24Cd6SKDikcQrB4acr9uXeVFgfe4b,Crhh5WYzG2JaDLNMgqhwpkza57pVaxY2DgcxC7gphZ1y,3qYBx2nPHVue3YbsfmEbGVWqd2XyTyx6tfWxNJuLVNfR4wNJ6n9ZHTHDGDahMmVeYCYoxZrunSPyK8UrJAuHGuEk,2:-1
"Mon, 25 Mar 2024 05:56:12 GMT",createAccount,Successful,2039280,,,dropjakoD4FsXK24Cd6SKDikcQrB4acr9uXeVFgfe4b,F1JM1Uz4oMh2bTs9M1Bf7Z7mV1uD7WeQooPzQqeDKbaX,3qYBx2nPHVue3YbsfmEbGVWqd2XyTyx6tfWxNJuLVNfR4wNJ6n9ZHTHDGDahMmVeYCYoxZrunSPyK8UrJAuHGuEk,3:1
"Mon, 25 Mar 2024 05:56:12 GMT",transfer_BLZE,Successful,76.841493854,BLZE,0.1835697247370428,dropjakoD4FsXK24Cd6SKDikcQrB4acr9uXeVFgfe4b,vEir6eE5HMaGdYdNXDaYGo9gDq5ASe9uNrZ3zpHLrKg,3qYBx2nPHVue3YbsfmEbGVWqd2XyTyx6tfWxNJuLVNfR4wNJ6n9ZHTHDGDahMmVeYCYoxZrunSPyK8UrJAuHGuEk,4:-1
"Mon, 25 Mar 2024 05:56:12 GMT",transfer_BLZE,Successful,0.056742895,BLZE,0.00013555537631431276,dropjakoD4FsXK24Cd6SKDikcQrB4acr9uXeVFgfe4b,HVH52CPpZdPUzBNUuRDV4kjkKoYkhK7MQ7taSjrrLzHe,3qYBx2nPHVue3YbsfmEbGVWqd2XyTyx6tfWxNJuLVNfR4wNJ6n9ZHTHDGDahMmVeYCYoxZrunSPyK8UrJAuHGuEk,5:-1
"Sat, 16 Mar 2024 22:43:30 GMT",pay_tx_fees,Successful,21000,,,7zaQPy9TcE3F895MUqv84Qof3tcaoZp1VLUjXviDK63Q,,5sPfNdFrn2on98C7UkUTPpJnd73wAwpBLk6Pma1pwpy5rjat2LZtW58fW7HjDNJeETJsFmWbUaVTeejSzfUxaM4B,-1:-1
"Sat, 16 Mar 2024 22:43:30 GMT",MintV1,Successful,1,,,7zaQPy9TcE3F895MUqv84Qof3tcaoZp1VLUjXviDK63Q,4oVe1dJ2NU1vifRVLzNAYjvcHnrBF8Lxzz9WHgXCV7qZ,5sPfNdFrn2on98C7UkUTPpJnd73wAwpBLk6Pma1pwpy5rjat2LZtW58fW7HjDNJeETJsFmWbUaVTeejSzfUxaM4B,1:-1
"Sat, 16 Mar 2024 22:43:30 GMT",MintV1,Successful,1,,,7zaQPy9TcE3F895MUqv84Qof3tcaoZp1VLUjXviDK63Q,9sanPaycTAq3HeiqUYGebsa3UVhawhAWHNwRzPdcfRn8,5sPfNdFrn2on98C7UkUTPpJnd73wAwpBLk6Pma1pwpy5rjat2LZtW58fW7HjDNJeETJsFmWbUaVTeejSzfUxaM4B,2:-1
"Sat, 16 Mar 2024 22:43:30 GMT",MintV1,Successful,1,,,7zaQPy9TcE3F895MUqv84Qof3tcaoZp1VLUjXviDK63Q,DvzpaRbSaQ9CMTxfjrvEkduzpZiVXPweH2pRhQw4eZL7,5sPfNdFrn2on98C7UkUTPpJnd73wAwpBLk6Pma1pwpy5rjat2LZtW58fW7HjDNJeETJsFmWbUaVTeejSzfUxaM4B,3:-1
"Sat, 16 Mar 2024 22:43:30 GMT",MintV1,Successful,1,,,7zaQPy9TcE3F895MUqv84Qof3tcaoZp1VLUjXviDK63Q,5ftr3GPkJ2XqFLjJ6YqkUbizi9ztSN4EZ2wxy7jdycYo,5sPfNdFrn2on98C7UkUTPpJnd73wAwpBLk6Pma1pwpy5rjat2LZtW58fW7HjDNJeETJsFmWbUaVTeejSzfUxaM4B,4:-1
"Sat, 16 Mar 2024 22:36:17 GMT",pay_tx_fees,Successful,305000,,,9sanPaycTAq3HeiqUYGebsa3UVhawhAWHNwRzPdcfRn8,,5D4q7HVZoLmGewzpFiKmVUxrVqa5jzhi6p1ghByqmm3fAZqT3pBQ6LYZJKNUoeEsharr6CyEn5h91Hk12nYfcrvh,-1:-1
"Sat, 16 Mar 2024 22:36:17 GMT",transferChecked_WEN,Successful,601012.15497,WEN,155.18171570570715,9sanPaycTAq3HeiqUYGebsa3UVhawhAWHNwRzPdcfRn8,7iWnBRRhBCiNXXPhqiGzvvBkKrvFSWqqmxRyu9VyYBxE,5D4q7HVZoLmGewzpFiKmVUxrVqa5jzhi6p1ghByqmm3fAZqT3pBQ6LYZJKNUoeEsharr6CyEn5h91Hk12nYfcrvh,2:0
"Sat, 16 Mar 2024 22:36:17 GMT",transfer_WEN,Successful,601012.15497,WEN,155.18171570570715,7iWnBRRhBCiNXXPhqiGzvvBkKrvFSWqqmxRyu9VyYBxE,7BZzoP3QB2zK3R7WqRzjS5fpeeErgdy3HGzxXrN97aEY,5D4q7HVZoLmGewzpFiKmVUxrVqa5jzhi6p1ghByqmm3fAZqT3pBQ6LYZJKNUoeEsharr6CyEn5h91Hk12nYfcrvh,2:2
"Sat, 16 Mar 2024 22:36:17 GMT",transfer_SOL,Successful,0.841210707,SOL,154.2096298047079,7BZzoP3QB2zK3R7WqRzjS5fpeeErgdy3HGzxXrN97aEY,7iWnBRRhBCiNXXPhqiGzvvBkKrvFSWqqmxRyu9VyYBxE,5D4q7HVZoLmGewzpFiKmVUxrVqa5jzhi6p1ghByqmm3fAZqT3pBQ6LYZJKNUoeEsharr6CyEn5h91Hk12nYfcrvh,2:3
"Sat, 16 Mar 2024 22:36:17 GMT",transfer_SOL,Successful,0.841210707,SOL,154.2096298047079,7iWnBRRhBCiNXXPhqiGzvvBkKrvFSWqqmxRyu9VyYBxE,DkVN7RKTNjSSER5oyurf3vddQU2ZneSCYwXvpErvTCFA,5D4q7HVZoLmGewzpFiKmVUxrVqa5jzhi6p1ghByqmm3fAZqT3pBQ6LYZJKNUoeEsharr6CyEn5h91Hk12nYfcrvh,2:6
"Sat, 16 Mar 2024 22:36:17 GMT",transfer_JUP,Successful,118.731541,JUP,154.47755310241132,DkVN7RKTNjSSER5oyurf3vddQU2ZneSCYwXvpErvTCFA,7iWnBRRhBCiNXXPhqiGzvvBkKrvFSWqqmxRyu9VyYBxE,5D4q7HVZoLmGewzpFiKmVUxrVqa5jzhi6p1ghByqmm3fAZqT3pBQ6LYZJKNUoeEsharr6CyEn5h91Hk12nYfcrvh,2:7
"Sat, 16 Mar 2024 22:36:17 GMT",transferChecked_JUP,Successful,118.731541,JUP,154.47755310241132,7iWnBRRhBCiNXXPhqiGzvvBkKrvFSWqqmxRyu9VyYBxE,HyhMt7jPKJ1LLXQTm5wjf5f4kWqAeTeKQZvMq8TtZnPV,5D4q7HVZoLmGewzpFiKmVUxrVqa5jzhi6p1ghByqmm3fAZqT3pBQ6LYZJKNUoeEsharr6CyEn5h91Hk12nYfcrvh,2:10
"Sat, 16 Mar 2024 22:36:17 GMT",transferChecked_USDC,Successful,152.939829,USDC,152.939829,HyhMt7jPKJ1LLXQTm5wjf5f4kWqAeTeKQZvMq8TtZnPV,7iWnBRRhBCiNXXPhqiGzvvBkKrvFSWqqmxRyu9VyYBxE,5D4q7HVZoLmGewzpFiKmVUxrVqa5jzhi6p1ghByqmm3fAZqT3pBQ6LYZJKNUoeEsharr6CyEn5h91Hk12nYfcrvh,2:11
"Sat, 16 Mar 2024 22:36:17 GMT",transferChecked_USDC,Successful,152.939829,USDC,152.939829,7iWnBRRhBCiNXXPhqiGzvvBkKrvFSWqqmxRyu9VyYBxE,9sanPaycTAq3HeiqUYGebsa3UVhawhAWHNwRzPdcfRn8,5D4q7HVZoLmGewzpFiKmVUxrVqa5jzhi6p1ghByqmm3fAZqT3pBQ6LYZJKNUoeEsharr6CyEn5h91Hk12nYfcrvh,2:14
