Transaction Hash,Instruction Index,Inner Instruction Index,Action,Status,Source,Source Association,Destination,Destination Association,Token,Amount,Timestamp,Time,Symbol,Decimals,Amount Decimal,Price Address,Price Unix Time,Price Value,Total Worth
2jbiA9RuoqCAGPRRMmjhSqR2jfPscXsW8iCHUu6id18EqWhKENpBmksyvmotf3QmRVyJT1QdowjmcfiCM4axDN7F,-1,-1,pay_tx_fees,Successful,9sanPaycTAq3HeiqUYGebsa3UVhawhAWHNwRzPdcfRn8,,,,,605018,1711626805,"Thu, 28 Mar 2024 11:53:25 GMT",,,,,,,
2jbiA9RuoqCAGPRRMmjhSqR2jfPscXsW8iCHUu6id18EqWhKENpBmksyvmotf3QmRVyJT1QdowjmcfiCM4axDN7F,2,0,transfer,Successful,9sanPaycTAq3HeiqUYGebsa3UVhawhAWHNwRzPdcfRn8,Ekgpt2wLm5i6Bqy8ZL6CdZjxV4bHj8oFeBEawhxYDQUZ,JCNCMFXo5M5qwUPg2Utu1u6YWp3MbygxqBsBeXXJfrw,GXWqPpjQpdz7KZw9p7f5PX2eGxHAhvpNXiviFkAB8zXg,EPjFWdd5AufqSSqeM2qN1xzybapC8G4wEGGkZwyTDt1v,3000000000,1711626805,"Thu, 28 Mar 2024 11:53:25 GMT",USDC,6,3000,EPjFWdd5AufqSSqeM2qN1xzybapC8G4wEGGkZwyTDt1v,1711626840,1.00004643,3000.13929
4HXT1JDd9sgj7cZ572dx2rngLtiFa7q6sxntCwdoC2xarGzbuyTjGY7udwkrRb7utLwJJRtNk462GrsD93uW18rg,-1,-1,pay_tx_fees,Successful,9sanPaycTAq3HeiqUYGebsa3UVhawhAWHNwRzPdcfRn8,,,,,25000,1711626776,"Thu, 28 Mar 2024 11:52:56 GMT",,,,,,,
4HXT1JDd9sgj7cZ572dx2rngLtiFa7q6sxntCwdoC2xarGzbuyTjGY7udwkrRb7utLwJJRtNk462GrsD93uW18rg,2,-1,transferChecked,Successful,9sanPaycTAq3HeiqUYGebsa3UVhawhAWHNwRzPdcfRn8,Ekgpt2wLm5i6Bqy8ZL6CdZjxV4bHj8oFeBEawhxYDQUZ,55hV6gY4r6YvM229u9bCgFNVXTXRev1vQVPscAs78byM,2UDJ2vAdvhQZ8fQjDDBMbP6YLogaZK8hmCNN4QpSktvM,EPjFWdd5AufqSSqeM2qN1xzybapC8G4wEGGkZwyTDt1v,1000000000,1711626776,"Thu, 28 Mar 2024 11:52:56 GMT",USDC,6,1000,EPjFWdd5AufqSSqeM2qN1xzybapC8G4wEGGkZwyTDt1v,1711626780,1.00006427,1000.06427
36CdBF4dX2EHoAe4uZuHD6zz8R58nszhRMFBGK57t7VuGhELfjSns7RRuc5JyLwZzdXwiixs97PkPvH9f1YyRDk1,-1,-1,pay_tx_fees,Successful,H3E3wT4BGrzZjzhAUo3w9XzbEFkBARf4sCu9oKyWj2WK,,,,,6200,1711625589,"Thu, 28 Mar 2024 11:33:09 GMT",,,,,,,
36CdBF4dX2EHoAe4uZuHD6zz8R58nszhRMFBGK57t7VuGhELfjSns7RRuc5JyLwZzdXwiixs97PkPvH9f1YyRDk1,2,-1,MintToCollectionV1,Successful,H3E3wT4BGrzZjzhAUo3w9XzbEFkBARf4sCu9oKyWj2WK,,9sanPaycTAq3HeiqUYGebsa3UVhawhAWHNwRzPdcfRn8,,9Xc31dt5mHHym5iiCQqcq6AHH1YGV6LwPWqRYUvQB5r2,1,1711625589,"Thu, 28 Mar 2024 11:33:09 GMT",,,,,,,
2dFsJPGhRgVDUc2ym2AVAYpUa8ZERwmjzw2rRqai2R6rMjkDY99Di4PUC7tUEiHHVtZvVAzAXaBGEBHKmjkALVYd,-1,-1,pay_tx_fees,Successful,DhfsDSwYNdrWqoWW3U4ujTKqerzgjEPtZ9tnAwetBYw1,,,,,6200,1711625536,"Thu, 28 Mar 2024 11:32:16 GMT",,,,,,,
2dFsJPGhRgVDUc2ym2AVAYpUa8ZERwmjzw2rRqai2R6rMjkDY99Di4PUC7tUEiHHVtZvVAzAXaBGEBHKmjkALVYd,2,-1,MintToCollectionV1,Successful,DhfsDSwYNdrWqoWW3U4ujTKqerzgjEPtZ9tnAwetBYw1,,9sanPaycTAq3HeiqUYGebsa3UVhawhAWHNwRzPdcfRn8,,HcTqXzR7DbXg7xC28N3d8KvrjdmY7LCHEHLTA2BdtPTD,1,1711625536,"Thu, 28 Mar 2024 11:32:16 GMT",,,,,,,
3kMKDWG2SYLGEJdfJEQf1ELWpocszKbkKr9HMhq5PAQpDGE1Ctu1v5WKLAagG9bqPsHBVy9aafK9zL9WPfWBopcE,-1,-1,pay_tx_fees,Successful,GVqRozv4yxQLaYgxMVESXg143V6zqNuH4xnz5yt4hkm,,,,,6200,1711625511,"Thu, 28 Mar 2024 11:31:51 GMT",,,,,,,
3kMKDWG2SYLGEJdfJEQf1ELWpocszKbkKr9HMhq5PAQpDGE1Ctu1v5WKLAagG9bqPsHBVy9aafK9zL9WPfWBopcE,2,-1,MintToCollectionV1,Successful,GVqRozv4yxQLaYgxMVESXg143V6zqNuH4xnz5yt4hkm,,9sanPaycTAq3HeiqUYGebsa3UVhawhAWHNwRzPdcfRn8,,3Z2dZ5TsuWYw7jL96RCS5i9Kckq2AykBjZh27XaPMiND,1,1711625511,"Thu, 28 Mar 2024 11:31:51 GMT",,,,,,,
3YK7PCqSoqaX2ihCXjMH7fBvwKcVatnwbhsafr2dTACS2BVHhZ44EmL84Gba7iiZRMjSQi7TF2HSreoMpjnrGQUd,-1,-1,pay_tx_fees,Successful,tRTtmttmR43qf6SuWriJDhFuX3JZVVDh3i9kt4exinF,,,,,6200,1711625457,"Thu, 28 Mar 2024 11:30:57 GMT",,,,,,,
3YK7PCqSoqaX2ihCXjMH7fBvwKcVatnwbhsafr2dTACS2BVHhZ44EmL84Gba7iiZRMjSQi7TF2HSreoMpjnrGQUd,2,-1,MintToCollectionV1,Successful,tRTtmttmR43qf6SuWriJDhFuX3JZVVDh3i9kt4exinF,,9sanPaycTAq3HeiqUYGebsa3UVhawhAWHNwRzPdcfRn8,,FzRueTiBpGyz2z6DuinkVPKEyVD5vGqnprbHYHtHWZXU,1,1711625457,"Thu, 28 Mar 2024 11:30:57 GMT",,,,,,,
2Pbe1XScE64Y1G6Ldk8VStvumhsnjhdnpWckDRXy6Ef5dMCf48RcCAWivXaBVXzycTGay3jGFHu2pSfX5NWL1uvZ,-1,-1,pay_tx_fees,Successful,AC5RDfQFmDS1deWZos921JfqscXdByf8BKHs5ACWjtW2,,,,,10000,1711625371,"Thu, 28 Mar 2024 11:29:31 GMT",,,,,,,
2Pbe1XScE64Y1G6Ldk8VStvumhsnjhdnpWckDRXy6Ef5dMCf48RcCAWivXaBVXzycTGay3jGFHu2pSfX5NWL1uvZ,1,-1,transfer,Successful,AC5RDfQFmDS1deWZos921JfqscXdByf8BKHs5ACWjtW2,ESDXSfcVfDhPFDNqH7qMXVcC5fEiVpcQcqxuNjKYjx9m,9sanPaycTAq3HeiqUYGebsa3UVhawhAWHNwRzPdcfRn8,Ekgpt2wLm5i6Bqy8ZL6CdZjxV4bHj8oFeBEawhxYDQUZ,EPjFWdd5AufqSSqeM2qN1xzybapC8G4wEGGkZwyTDt1v,2995400000,1711625371,"Thu, 28 Mar 2024 11:29:31 GMT",USDC,6,2995.4,EPjFWdd5AufqSSqeM2qN1xzybapC8G4wEGGkZwyTDt1v,1711625400,1.00009197,2995.6754869379997
61yYxyaAQq2ounr7i7BiPhTDv44bFMms6ajXdTEinhMwG37yqB3i97oVz4MCmxXnkcb9XWbveye6w86Kfvb3VqwC,-1,-1,pay_tx_fees,Successful,7zaQPy9TcE3F895MUqv84Qof3tcaoZp1VLUjXviDK63Q,,,,,21000,1711625329,"Thu, 28 Mar 2024 11:28:49 GMT",,,,,,,
61yYxyaAQq2ounr7i7BiPhTDv44bFMms6ajXdTEinhMwG37yqB3i97oVz4MCmxXnkcb9XWbveye6w86Kfvb3VqwC,1,-1,MintV1,Successful,7zaQPy9TcE3F895MUqv84Qof3tcaoZp1VLUjXviDK63Q,,2fRit1AsvkeMqgTJ4V6WkF1tHHg8jviFb2CugwgEjHZ9,,4ReYWL8apHN44zorTBRr4r3vnCgWk5sDbnkvn1Jft9e8,1,1711625329,"Thu, 28 Mar 2024 11:28:49 GMT",,,,,,,
61yYxyaAQq2ounr7i7BiPhTDv44bFMms6ajXdTEinhMwG37yqB3i97oVz4MCmxXnkcb9XWbveye6w86Kfvb3VqwC,2,-1,MintV1,Successful,7zaQPy9TcE3F895MUqv84Qof3tcaoZp1VLUjXviDK63Q,,9sanPaycTAq3HeiqUYGebsa3UVhawhAWHNwRzPdcfRn8,,4ReYWL8apHN44zorTBRr4r3vnCgWk5sDbnkvn1Jft9e8,1,1711625329,"Thu, 28 Mar 2024 11:28:49 GMT",,,,,,,
61yYxyaAQq2ounr7i7BiPhTDv44bFMms6ajXdTEinhMwG37yqB3i97oVz4MCmxXnkcb9XWbveye6w86Kfvb3VqwC,3,-1,MintV1,Successful,7zaQPy9TcE3F895MUqv84Qof3tcaoZp1VLUjXviDK63Q,,XcNp4iP51j1Nn3eBMdWPZWHX1sg2VzMQknHjKBYFprf,,4ReYWL8apHN44zorTBRr4r3vnCgWk5sDbnkvn1Jft9e8,1,1711625329,"Thu, 28 Mar 2024 11:28:49 GMT",,,,,,,
61yYxyaAQq2ounr7i7BiPhTDv44bFMms6ajXdTEinhMwG37yqB3i97oVz4MCmxXnkcb9XWbveye6w86Kfvb3VqwC,4,-1,MintV1,Successful,7zaQPy9TcE3F895MUqv84Qof3tcaoZp1VLUjXviDK63Q,,BTqMb8R7deWz9wo2AqvzqakSKKSMc1uVhQg8LrprjorJ,,4ReYWL8apHN44zorTBRr4r3vnCgWk5sDbnkvn1Jft9e8,1,1711625329,"Thu, 28 Mar 2024 11:28:49 GMT",,,,,,,
5EgjhVXbVBRyqsxeicgVm5tK2yWK6RYTKv9homd6hYbuTvZsMLCPrMc8VvDNgG5mXxNC42KeUwXhZ59qau26bbGZ,-1,-1,pay_tx_fees,Successful,9un5wqE3q4oCjyrDkwsdD48KteCJitQX5978Vh7KKxHo,,,,,405000,1711625168,"Thu, 28 Mar 2024 11:26:08 GMT",,,,,,,
5EgjhVXbVBRyqsxeicgVm5tK2yWK6RYTKv9homd6hYbuTvZsMLCPrMc8VvDNgG5mXxNC42KeUwXhZ59qau26bbGZ,3,-1,transferChecked,Successful,9un5wqE3q4oCjyrDkwsdD48KteCJitQX5978Vh7KKxHo,4KLZ4nbRSynuLYCqhcRSSmSNeNxyeteZ8ajLu7cYcgFo,9sanPaycTAq3HeiqUYGebsa3UVhawhAWHNwRzPdcfRn8,Ekgpt2wLm5i6Bqy8ZL6CdZjxV4bHj8oFeBEawhxYDQUZ,EPjFWdd5AufqSSqeM2qN1xzybapC8G4wEGGkZwyTDt1v,967413805,1711625168,"Thu, 28 Mar 2024 11:26:08 GMT",USDC,6,967.413805,EPjFWdd5AufqSSqeM2qN1xzybapC8G4wEGGkZwyTDt1v,1711625220,1.0001,967.5105463805
2Z2hU4HufCRBh6aNdEnUhxfeWYb3ft3DYRamMgxmZaTttYtxwWEA6Wz8YuvUk8hijMmmD2Yf5Xr9PQYqhBgUf9VK,-1,-1,pay_tx_fees,Successful,9sanPaycTAq3HeiqUYGebsa3UVhawhAWHNwRzPdcfRn8,,,,,29000,1711624437,"Thu, 28 Mar 2024 11:13:57 GMT",,,,,,,
2Z2hU4HufCRBh6aNdEnUhxfeWYb3ft3DYRamMgxmZaTttYtxwWEA6Wz8YuvUk8hijMmmD2Yf5Xr9PQYqhBgUf9VK,1,0,createAccount,Successful,9sanPaycTAq3HeiqUYGebsa3UVhawhAWHNwRzPdcfRn8,,9eNMmc2otxdzCuUjhQ9qGKtpkBDcpM2pWKZnuLL459wr,,,1670400,1711624437,"Thu, 28 Mar 2024 11:13:57 GMT",,,,,,,
2Z2hU4HufCRBh6aNdEnUhxfeWYb3ft3DYRamMgxmZaTttYtxwWEA6Wz8YuvUk8hijMmmD2Yf5Xr9PQYqhBgUf9VK,1,2,transfer,Successful,9sanPaycTAq3HeiqUYGebsa3UVhawhAWHNwRzPdcfRn8,Ekgpt2wLm5i6Bqy8ZL6CdZjxV4bHj8oFeBEawhxYDQUZ,82dGS7Jt4Km8ZgwZVRsJ2V6vPXEhVdgDaMP7cqPGG1TW,Ai9AuTfGncuFxEknjZT4HU21Rkv98M1QyXpbW9Xct6LK,EPjFWdd5AufqSSqeM2qN1xzybapC8G4wEGGkZwyTDt1v,100000000,1711624437,"Thu, 28 Mar 2024 11:13:57 GMT",USDC,6,100,EPjFWdd5AufqSSqeM2qN1xzybapC8G4wEGGkZwyTDt1v,1711624440,1.000034,100.00340000000001
3qYBx2nPHVue3YbsfmEbGVWqd2XyTyx6tfWxNJuLVNfR4wNJ6n9ZHTHDGDahMmVeYCYoxZrunSPyK8UrJAuHGuEk,-1,-1,pay_tx_fees,Successful,dropjakoD4FsXK24Cd6SKDikcQrB4acr9uXeVFgfe4b,,,,,10000,1711346172,"Mon, 25 Mar 2024 05:56:12 GMT",,,,,,,
3qYBx2nPHVue3YbsfmEbGVWqd2XyTyx6tfWxNJuLVNfR4wNJ6n9ZHTHDGDahMmVeYCYoxZrunSPyK8UrJAuHGuEk,1,-1,transfer,Successful,dropjakoD4FsXK24Cd6SKDikcQrB4acr9uXeVFgfe4b,8zEFiP9jSkkBTHtvyTXwcDtbLiAMDxjkUs8QU9VXx8Zc,9sanPaycTAq3HeiqUYGebsa3UVhawhAWHNwRzPdcfRn8,HjziCoazqmLTRruLK8rWm7Hozbiv42JAqmEUW7WmQdoK,BLZEEuZUBVqFhj8adcCFPJvPVCiCyVmh3hkJMrU8KuJA,220443344760,1711346172,"Mon, 25 Mar 2024 05:56:12 GMT",BLZE,9,220.44334476,BLZEEuZUBVqFhj8adcCFPJvPVCiCyVmh3hkJMrU8KuJA,1711346220,0.002388940083411549,0.5266259424184753
3qYBx2nPHVue3YbsfmEbGVWqd2XyTyx6tfWxNJuLVNfR4wNJ6n9ZHTHDGDahMmVeYCYoxZrunSPyK8UrJAuHGuEk,2,-1,transfer,Successful,dropjakoD4FsXK24Cd6SKDikcQrB4acr9uXeVFgfe4b,8zEFiP9jSkkBTHtvyTXwcDtbLiAMDxjkUs8QU9VXx8Zc,Crhh5WYzG2JaDLNMgqhwpkza57pVaxY2DgcxC7gphZ1y,Gvm8q2VqXEtsmsrjAmS6SZFCLo3VUonAt7BK3txZPgDt,BLZEEuZUBVqFhj8adcCFPJvPVCiCyVmh3hkJMrU8KuJA,30720645390,1711346172,"Mon, 25 Mar 2024 05:56:12 GMT",BLZE,9,30.72064539,BLZEEuZUBVqFhj8adcCFPJvPVCiCyVmh3hkJMrU8KuJA,1711346220,0.002388940083411549,0.07338978116044322
3qYBx2nPHVue3YbsfmEbGVWqd2XyTyx6tfWxNJuLVNfR4wNJ6n9ZHTHDGDahMmVeYCYoxZrunSPyK8UrJAuHGuEk,3,1,createAccount,Successful,dropjakoD4FsXK24Cd6SKDikcQrB4acr9uXeVFgfe4b,,F1JM1Uz4oMh2bTs9M1Bf7Z7mV1uD7WeQooPzQqeDKbaX,,,2039280,1711346172,"Mon, 25 Mar 2024 05:56:12 GMT",,,,,,,
3qYBx2nPHVue3YbsfmEbGVWqd2XyTyx6tfWxNJuLVNfR4wNJ6n9ZHTHDGDahMmVeYCYoxZrunSPyK8UrJAuHGuEk,4,-1,transfer,Successful,dropjakoD4FsXK24Cd6SKDikcQrB4acr9uXeVFgfe4b,8zEFiP9jSkkBTHtvyTXwcDtbLiAMDxjkUs8QU9VXx8Zc,vEir6eE5HMaGdYdNXDaYGo9gDq5ASe9uNrZ3zpHLrKg,F1JM1Uz4oMh2bTs9M1Bf7Z7mV1uD7WeQooPzQqeDKbaX,BLZEEuZUBVqFhj8adcCFPJvPVCiCyVmh3hkJMrU8KuJA,76841493854,1711346172,"Mon, 25 Mar 2024 05:56:12 GMT",BLZE,9,76.841493854,BLZEEuZUBVqFhj8adcCFPJvPVCiCyVmh3hkJMrU8KuJA,1711346220,0.002388940083411549,0.1835697247370428
3qYBx2nPHVue3YbsfmEbGVWqd2XyTyx6tfWxNJuLVNfR4wNJ6n9ZHTHDGDahMmVeYCYoxZrunSPyK8UrJAuHGuEk,5,-1,transfer,Successful,dropjakoD4FsXK24Cd6SKDikcQrB4acr9uXeVFgfe4b,8zEFiP9jSkkBTHtvyTXwcDtbLiAMDxjkUs8QU9VXx8Zc,HVH52CPpZdPUzBNUuRDV4kjkKoYkhK7MQ7taSjrrLzHe,7hmmmxaJXtz3VCyRs2Ram1jbQbtGj64VpkiZmk9F9CQA,BLZEEuZUBVqFhj8adcCFPJvPVCiCyVmh3hkJMrU8KuJA,56742895,1711346172,"Mon, 25 Mar 2024 05:56:12 GMT",BLZE,9,0.056742895,BLZEEuZUBVqFhj8adcCFPJvPVCiCyVmh3hkJMrU8KuJA,1711346220,0.002388940083411549,0.00013555537631431276
5sPfNdFrn2on98C7UkUTPpJnd73wAwpBLk6Pma1pwpy5rjat2LZtW58fW7HjDNJeETJsFmWbUaVTeejSzfUxaM4B,-1,-1,pay_tx_fees,Successful,7zaQPy9TcE3F895MUqv84Qof3tcaoZp1VLUjXviDK63Q,,,,,21000,1710629010,"Sat, 16 Mar 2024 22:43:30 GMT",,,,,,,
5sPfNdFrn2on98C7UkUTPpJnd73wAwpBLk6Pma1pwpy5rjat2LZtW58fW7HjDNJeETJsFmWbUaVTeejSzfUxaM4B,1,-1,MintV1,Successful,7zaQPy9TcE3F895MUqv84Qof3tcaoZp1VLUjXviDK63Q,,4oVe1dJ2NU1vifRVLzNAYjvcHnrBF8Lxzz9WHgXCV7qZ,,72K945xhPhxNQDgW9YdTS2KeExJ94fh8XGzzEMcoshix,1,1710629010,"Sat, 16 Mar 2024 22:43:30 GMT",,,,,,,
5sPfNdFrn2on98C7UkUTPpJnd73wAwpBLk6Pma1pwpy5rjat2LZtW58fW7HjDNJeETJsFmWbUaVTeejSzfUxaM4B,2,-1,MintV1,Successful,7zaQPy9TcE3F895MUqv84Qof3tcaoZp1VLUjXviDK63Q,,9sanPaycTAq3HeiqUYGebsa3UVhawhAWHNwRzPdcfRn8,,72K945xhPhxNQDgW9YdTS2KeExJ94fh8XGzzEMcoshix,1,1710629010,"Sat, 16 Mar 2024 22:43:30 GMT",,,,,,,
5sPfNdFrn2on98C7UkUTPpJnd73wAwpBLk6Pma1pwpy5rjat2LZtW58fW7HjDNJeETJsFmWbUaVTeejSzfUxaM4B,3,-1,MintV1,Successful,7zaQPy9TcE3F895MUqv84Qof3tcaoZp1VLUjXviDK63Q,,DvzpaRbSaQ9CMTxfjrvEkduzpZiVXPweH2pRhQw4eZL7,,72K945xhPhxNQDgW9YdTS2KeExJ94fh8XGzzEMcoshix,1,1710629010,"Sat, 16 Mar 2024 22:43:30 GMT",,,,,,,
5sPfNdFrn2on98C7UkUTPpJnd73wAwpBLk6Pma1pwpy5rjat2LZtW58fW7HjDNJeETJsFmWbUaVTeejSzfUxaM4B,4,-1,MintV1,Successful,7zaQPy9TcE3F895MUqv84Qof3tcaoZp1VLUjXviDK63Q,,5ftr3GPkJ2XqFLjJ6YqkUbizi9ztSN4EZ2wxy7jdycYo,,72K945xhPhxNQDgW9YdTS2KeExJ94fh8XGzzEMcoshix,1,1710629010,"Sat, 16 Mar 2024 22:43:30 GMT",,,,,,,
5D4q7HVZoLmGewzpFiKmVUxrVqa5jzhi6p1ghByqmm3fAZqT3pBQ6LYZJKNUoeEsharr6CyEn5h91Hk12nYfcrvh,-1,-1,pay_tx_fees,Successful,9sanPaycTAq3HeiqUYGebsa3UVhawhAWHNwRzPdcfRn8,,,,,305000,1710628577,"Sat, 16 Mar 2024 22:36:17 GMT",,,,,,,
5D4q7HVZoLmGewzpFiKmVUxrVqa5jzhi6p1ghByqmm3fAZqT3pBQ6LYZJKNUoeEsharr6CyEn5h91Hk12nYfcrvh,2,0,transferChecked,Successful,9sanPaycTAq3HeiqUYGebsa3UVhawhAWHNwRzPdcfRn8,EY2btLgvFJwyVEfFj9LoTcUXCtvm7CAKMi4kzmR4G6y6,7iWnBRRhBCiNXXPhqiGzvvBkKrvFSWqqmxRyu9VyYBxE,DkaZj9LYHmmy1MZwbfjCxK7kh8YZbQTirMPksfiXZF6b,WENWENvqqNya429ubCdR81ZmD69brwQaaBYY6p3LCpk,60101215497,1710628577,"Sat, 16 Mar 2024 22:36:17 GMT",WEN,5,601012.15497,WENWENvqqNya429ubCdR81ZmD69brwQaaBYY6p3LCpk,1710628620,0.00025820062776176823,155.18171570570715
5D4q7HVZoLmGewzpFiKmVUxrVqa5jzhi6p1ghByqmm3fAZqT3pBQ6LYZJKNUoeEsharr6CyEn5h91Hk12nYfcrvh,2,2,transfer,Successful,7iWnBRRhBCiNXXPhqiGzvvBkKrvFSWqqmxRyu9VyYBxE,DkaZj9LYHmmy1MZwbfjCxK7kh8YZbQTirMPksfiXZF6b,7BZzoP3QB2zK3R7WqRzjS5fpeeErgdy3HGzxXrN97aEY,ApvXp4Rv4ZEPraeEHKgokDhZ2FBRm7Dd3kWjZWVcYq34,WENWENvqqNya429ubCdR81ZmD69brwQaaBYY6p3LCpk,60101215497,1710628577,"Sat, 16 Mar 2024 22:36:17 GMT",WEN,5,601012.15497,WENWENvqqNya429ubCdR81ZmD69brwQaaBYY6p3LCpk,1710628620,0.00025820062776176823,155.18171570570715
5D4q7HVZoLmGewzpFiKmVUxrVqa5jzhi6p1ghByqmm3fAZqT3pBQ6LYZJKNUoeEsharr6CyEn5h91Hk12nYfcrvh,2,3,transfer,Successful,7BZzoP3QB2zK3R7WqRzjS5fpeeErgdy3HGzxXrN97aEY,7erBtaD366XQS12Cegb4JjMDXxFoLCCeXnvio9ogVSQf,7iWnBRRhBCiNXXPhqiGzvvBkKrvFSWqqmxRyu9VyYBxE,2oL6my4QDDCfpgJZX1bZV1NgbmuNptKdgcE8wJm6efgk,So11111111111111111111111111111111111111112,841210707,1710628577,"Sat, 16 Mar 2024 22:36:17 GMT",SOL,9,0.841210707,So11111111111111111111111111111111111111112,1710628620,183.3186721489363,154.2096298047079
5D4q7HVZoLmGewzpFiKmVUxrVqa5jzhi6p1ghByqmm3fAZqT3pBQ6LYZJKNUoeEsharr6CyEn5h91Hk12nYfcrvh,2,6,transfer,Successful,7iWnBRRhBCiNXXPhqiGzvvBkKrvFSWqqmxRyu9VyYBxE,2oL6my4QDDCfpgJZX1bZV1NgbmuNptKdgcE8wJm6efgk,DkVN7RKTNjSSER5oyurf3vddQU2ZneSCYwXvpErvTCFA,EsU4fjzg2JSSgqbh3jx95qaDSpRe4gLqPWQLbmLjYaLF,So11111111111111111111111111111111111111112,841210707,1710628577,"Sat, 16 Mar 2024 22:36:17 GMT",SOL,9,0.841210707,So11111111111111111111111111111111111111112,1710628620,183.3186721489363,154.2096298047079
5D4q7HVZoLmGewzpFiKmVUxrVqa5jzhi6p1ghByqmm3fAZqT3pBQ6LYZJKNUoeEsharr6CyEn5h91Hk12nYfcrvh,2,7,transfer,Successful,DkVN7RKTNjSSER5oyurf3vddQU2ZneSCYwXvpErvTCFA,HRBd7gkQbhpTuXA61a7ii3Bbmcvp6ZCNwne28aC8A8Qq,7iWnBRRhBCiNXXPhqiGzvvBkKrvFSWqqmxRyu9VyYBxE,6uYNWPP9jTBojn8h8s7s7w5JNLegiSns9r98LF2VAukw,JUPyiwrYJFskUPiHa7hkeR8VUtAeFoSYbKedZNsDvCN,118731541,1710628577,"Sat, 16 Mar 2024 22:36:17 GMT",JUP,6,118.731541,JUPyiwrYJFskUPiHa7hkeR8VUtAeFoSYbKedZNsDvCN,1710628620,1.3010658482265576,154.47755310241132
5D4q7HVZoLmGewzpFiKmVUxrVqa5jzhi6p1ghByqmm3fAZqT3pBQ6LYZJKNUoeEsharr6CyEn5h91Hk12nYfcrvh,2,10,transferChecked,Successful,7iWnBRRhBCiNXXPhqiGzvvBkKrvFSWqqmxRyu9VyYBxE,6uYNWPP9jTBojn8h8s7s7w5JNLegiSns9r98LF2VAukw,HyhMt7jPKJ1LLXQTm5wjf5f4kWqAeTeKQZvMq8TtZnPV,CVEm8suR2R5wJRtkiRaxBPSm3dYPmvfx2MHxNBp8pXHe,JUPyiwrYJFskUPiHa7hkeR8VUtAeFoSYbKedZNsDvCN,118731541,1710628577,"Sat, 16 Mar 2024 22:36:17 GMT",JUP,6,118.731541,JUPyiwrYJFskUPiHa7hkeR8VUtAeFoSYbKedZNsDvCN,1710628620,1.3010658482265576,154.47755310241132
5D4q7HVZoLmGewzpFiKmVUxrVqa5jzhi6p1ghByqmm3fAZqT3pBQ6LYZJKNUoeEsharr6CyEn5h91Hk12nYfcrvh,2,11,transferChecked,Successful,HyhMt7jPKJ1LLXQTm5wjf5f4kWqAeTeKQZvMq8TtZnPV,Fnv5ewUYrAJncjJV2VE1SFXQafAdV4xqYEoLvjhktZKc,7iWnBRRhBCiNXXPhqiGzvvBkKrvFSWqqmxRyu9VyYBxE,EpdaePzdqRkMtdZJquVPUWgyoJ5YEEpYALki6dv9VBrt,EPjFWdd5AufqSSqeM2qN1xzybapC8G4wEGGkZwyTDt1v,152939829,1710628577,"Sat, 16 Mar 2024 22:36:17 GMT",USDC,6,152.939829,EPjFWdd5AufqSSqeM2qN1xzybapC8G4wEGGkZwyTDt1v,1710628620,1,152.939829
5D4q7HVZoLmGewzpFiKmVUxrVqa5jzhi6p1ghByqmm3fAZqT3pBQ6LYZJKNUoeEsharr6CyEn5h91Hk12nYfcrvh,2,14,transferChecked,Successful,7iWnBRRhBCiNXXPhqiGzvvBkKrvFSWqqmxRyu9VyYBxE,EpdaePzdqRkMtdZJquVPUWgyoJ5YEEpYALki6dv9VBrt,9sanPaycTAq3HeiqUYGebsa3UVhawhAWHNwRzPdcfRn8,Ekgpt2wLm5i6Bqy8ZL6CdZjxV4bHj8oFeBEawhxYDQUZ,EPjFWdd5AufqSSqeM2qN1xzybapC8G4wEGGkZwyTDt1v,152939829,1710628577,"Sat, 16 Mar 2024 22:36:17 GMT",USDC,6,152.939829,EPjFWdd5AufqSSqeM2qN1xzybapC8G4wEGGkZwyTDt1v,1710628620,1,152.939829
